Time (d),      jTA (*),      jTC (*),      jBA (*),      jBC (*),      duL (*),      duS (*) * all units are kJ/m2/d
    0.01,         0.00,     10203.86,         0.00,         0.00,      5227.22,      4975.77,
    0.02,         0.00,      4524.57,         0.00,         0.00,      2421.08,      2103.14,
    0.03,         0.00,      3452.86,         0.00,        -0.00,      1823.00,      1629.58,
    0.04,         0.00,      2886.86,         0.00,        -0.00,      1502.28,      1384.31,
    0.05,         0.00,      2520.87,         0.00,         0.00,      1293.17,      1227.44,
    0.06,         0.00,      2258.82,         0.00,        -0.00,      1142.67,      1115.92,
    0.07,         0.00,      2059.10,         0.00,        -0.00,      1027.54,      1031.33,
    0.08,         0.00,      1900.29,         0.00,        -0.00,       935.78,       964.30,
    0.09,         0.00,      1770.08,         0.00,        -0.00,       860.41,       909.46,
    0.10,         0.00,      1660.79,         0.00,        -0.00,       797.09,       863.52,
    0.11,         0.00,      1567.37,         0.00,        -0.00,       742.92,       824.28,
    0.12,         0.00,      1486.32,         0.00,        -0.00,       695.91,       790.25,
    0.13,         0.00,      1415.14,         0.00,        -0.00,       654.61,       760.37,
    0.14,         0.00,      1351.99,         0.00,        -0.00,       617.98,       733.86,
    0.15,         0.00,      1295.46,         0.00,        -0.00,       585.20,       710.12,
    0.16,         0.00,      1244.49,         0.00,        -0.00,       555.66,       688.70,
    0.17,         0.00,      1198.23,         0.00,         0.00,       528.86,       669.24,
    0.18,         0.00,      1156.00,         0.00,         0.00,       504.41,       651.46,
    0.19,         0.00,      1117.26,         0.00,         0.00,       482.01,       635.13,
    0.20,         0.00,      1081.55,         0.00,         0.00,       461.37,       620.06,
    0.21,         0.00,      1048.51,         0.00,         0.00,       442.30,       606.09,
    0.22,         0.00,      1017.82,         0.00,         0.00,       424.60,       593.10,
    0.23,         0.00,       989.22,         0.00,         0.00,       408.13,       580.98,
    0.24,         0.00,       962.49,         0.00,         0.00,       392.75,       569.63,
    0.25,         0.00,       937.44,         0.00,         0.00,       378.36,       558.97,
    0.26,         0.00,       913.90,         0.00,         0.00,       364.85,       548.94,
    0.27,         0.00,       891.72,         0.00,         0.00,       352.15,       539.48,
    0.28,         0.00,       870.80,         0.00,         0.00,       340.17,       530.52,
    0.29,         0.00,       851.01,         0.00,         0.00,       328.86,       522.04,
    0.30,         0.00,       832.25,         0.00,         0.00,       318.16,       513.99,
    0.31,         0.00,       814.45,         0.00,         0.00,       308.02,       506.33,
    0.32,         0.00,       797.53,         0.00,         0.00,       298.40,       499.04,
    0.33,         0.00,       781.42,         0.00,         0.00,       289.25,       492.07,
    0.34,         0.00,       766.05,         0.00,         0.00,       280.54,       485.42,
    0.35,         0.00,       751.38,         0.00,         0.00,       272.24,       479.06,
    0.36,         0.00,       737.36,         0.00,         0.00,       264.31,       472.96,
    0.37,         0.00,       723.94,         0.00,         0.00,       256.74,       467.11,
    0.38,         0.00,       711.08,         0.00,         0.00,       249.50,       461.49,
    0.39,         0.00,       698.74,         0.00,         0.00,       242.56,       456.09,
    0.40,         0.00,       686.89,         0.00,         0.00,       235.92,       450.89,
    0.41,         0.00,       675.51,         0.00,         0.00,       229.54,       445.88,
    0.42,         0.00,       664.55,         0.00,         0.00,       223.41,       441.05,
    0.43,         0.00,       654.01,         0.00,         0.00,       217.53,       436.39,
    0.44,         0.00,       643.84,         0.00,         0.00,       211.87,       431.89,
    0.45,         0.00,       634.04,         0.00,         0.00,       206.42,       427.54,
    0.46,         0.00,       624.58,         0.00,         0.00,       201.17,       423.32,
    0.47,         0.00,       615.45,         0.00,         0.00,       196.11,       419.25,
    0.48,         0.00,       606.62,         0.00,         0.00,       191.23,       415.30,
    0.49,         0.00,       598.08,         0.00,         0.00,       186.52,       411.47,
    0.50,         0.00,       589.81,         0.00,         0.00,       181.97,       407.76,
    0.51,         0.00,       581.81,         0.00,         0.00,       177.58,       404.15,
    0.52,         0.00,       574.06,         0.00,         0.00,       173.33,       400.65,
    0.53,         0.00,       566.54,         0.00,         0.01,       169.21,       397.24,
    0.54,         0.00,       559.25,         0.00,         0.01,       165.23,       393.93,
    0.55,         0.00,       552.18,         0.00,         0.01,       161.38,       390.71,
    0.56,         0.00,       545.31,         0.00,         0.01,       157.64,       387.58,
    0.57,         0.00,       538.64,         0.00,         0.01,       154.02,       384.53,
    0.58,         0.00,       532.15,         0.00,         0.02,       150.51,       381.55,
    0.59,         0.00,       525.85,         0.00,         0.02,       147.10,       378.65,
    0.60,         0.00,       519.71,         0.00,         0.02,       143.79,       375.82,
    0.61,         0.00,       513.74,         0.00,         0.03,       140.58,       373.06,
    0.62,         0.00,       507.93,         0.00,         0.03,       137.46,       370.37,
    0.63,         0.00,       502.27,         0.00,         0.04,       134.43,       367.73,
    0.64,         0.00,       496.76,         0.00,         0.04,       131.48,       365.16,
    0.65,         0.00,       491.39,         0.00,         0.05,       128.61,       362.65,
    0.66,         0.00,       486.15,         0.00,         0.05,       125.82,       360.19,
    0.67,         0.00,       481.04,         0.00,         0.06,       123.11,       357.79,
    0.68,         0.00,       476.05,         0.00,         0.07,       120.47,       355.44,
    0.69,         0.00,       471.18,         0.00,         0.08,       117.89,       353.14,
    0.70,         0.00,       466.43,         0.00,         0.09,       115.39,       350.88,
    0.71,         0.00,       461.79,         0.00,         0.10,       112.94,       348.68,
    0.72,         0.00,       457.26,         0.00,         0.12,       110.56,       346.51,
    0.73,         0.00,       452.83,         0.00,         0.13,       108.24,       344.39,
    0.74,         0.00,       448.50,         0.00,         0.15,       105.97,       342.31,
    0.75,         0.00,       444.27,         0.00,         0.16,       103.77,       340.27,
    0.76,         0.00,       440.13,         0.00,         0.18,       101.61,       338.27,
    0.77,         0.00,       436.08,         0.00,         0.20,        99.50,       336.31,
    0.78,         0.00,       432.12,         0.00,         0.22,        97.45,       334.38,
    0.79,         0.00,       420.56,         0.00,         0.24,        87.63,       332.62,
    0.80,         0.00,       406.66,         0.00,         0.27,        75.69,       330.64,
    0.81,         0.00,       403.17,         0.00,         0.29,        74.00,       328.81,
    0.82,         0.00,       399.81,         0.00,         0.32,        72.40,       327.02,
    0.83,         0.00,       396.54,         0.00,         0.35,        70.88,       325.25,
    0.84,         0.00,       393.37,         0.00,         0.38,        69.41,       323.51,
    0.85,         0.00,       390.28,         0.00,         0.41,        68.00,       321.81,
    0.86,         0.00,       387.27,         0.00,         0.44,        66.64,       320.12,
    0.87,         0.00,       384.34,         0.00,         0.48,        65.32,       318.47,
    0.88,         0.00,       381.47,         0.00,         0.52,        64.04,       316.84,
    0.89,         0.00,       378.66,         0.00,         0.56,        62.80,       315.24,
    0.90,         0.00,       375.91,         0.00,         0.60,        61.58,       313.66,
    0.91,         0.00,       373.22,         0.00,         0.65,        60.40,       312.10,
    0.92,         0.00,       370.58,         0.00,         0.69,        59.25,       310.57,
    0.93,         0.00,       368.00,         0.00,         0.74,        58.13,       309.06,
    0.94,         0.00,       365.46,         0.00,         0.79,        57.03,       307.57,
    0.95,         0.00,       362.97,         0.00,         0.85,        55.96,       306.10,
    0.96,         0.00,       360.52,         0.00,         0.90,        54.91,       304.65,
    0.97,         0.00,       358.12,         0.00,         0.96,        53.88,       303.22,
    0.98,         0.00,       355.77,         0.00,         1.02,        52.87,       301.81,
    0.99,         0.00,       353.45,         0.00,         1.09,        51.88,       300.42,
    1.00,         0.00,       351.17,         0.00,         1.15,        50.91,       299.04,
    1.01,         0.00,       348.93,         0.00,         1.22,        49.96,       297.69,
    1.02,         0.00,       346.72,         0.00,         1.29,        49.02,       296.35,
    1.03,         0.00,       344.56,         0.00,         1.36,        48.11,       295.02,
    1.04,         0.00,       342.42,         0.00,         1.44,        47.20,       293.72,
    1.05,         0.00,       340.32,         0.00,         1.52,        46.32,       292.42,
    1.06,         0.00,       338.25,         0.00,         1.60,        45.45,       291.15,
    1.07,         0.00,       336.22,         0.00,         1.68,        44.59,       289.88,
    1.08,         0.00,       334.21,         0.00,         1.77,        43.75,       288.64,
    1.09,         0.00,       332.24,         0.00,         1.86,        42.92,       287.40,
    1.10,         0.00,       330.29,         0.00,         1.95,        42.10,       286.18,
    1.11,         0.00,       328.38,         0.00,         2.04,        41.30,       284.97,
    1.12,         0.00,       326.49,         0.00,         2.14,        40.51,       283.78,
    1.13,         0.00,       324.63,         0.00,         2.24,        39.73,       282.60,
    1.14,         0.00,       322.79,         0.00,         2.34,        38.96,       281.43,
    1.15,         0.00,       320.98,         0.00,         2.45,        38.21,       280.27,
    1.16,         0.00,       319.20,         0.00,         2.55,        37.46,       279.12,
    1.17,         0.00,       317.44,         0.00,         2.66,        36.73,       277.99,
    1.18,         0.00,       315.70,         0.00,         2.78,        36.00,       276.86,
    1.19,         0.00,       313.99,         0.00,         2.89,        35.29,       275.75,
    1.20,         0.00,       312.30,         0.00,         3.01,        34.59,       274.65,
    1.21,         0.00,       310.63,         0.00,         3.13,        33.89,       273.55,
    1.22,         0.00,       308.99,         0.00,         3.26,        33.21,       272.47,
    1.23,         0.00,       307.37,         0.00,         3.38,        32.53,       271.40,
    1.24,         0.00,       305.76,         0.00,         3.51,        31.86,       270.33,
    1.25,         0.00,       304.18,         0.00,         3.64,        31.20,       269.28,
    1.26,         0.00,       302.62,         0.00,         3.78,        30.55,       268.23,
    1.27,         0.00,       301.08,         0.00,         3.91,        29.91,       267.19,
    1.28,         0.00,       299.55,         0.00,         4.05,        29.28,       266.17,
    1.29,         0.00,       298.05,         0.00,         4.20,        28.65,       265.15,
    1.30,         0.00,       296.57,         0.00,         4.34,        28.03,       264.14,
    1.31,         0.00,       295.10,         0.00,         4.49,        27.42,       263.13,
    1.32,         0.00,       293.65,         0.00,         4.64,        26.82,       262.14,
    1.33,         0.00,       292.22,         0.00,         4.79,        26.22,       261.15,
    1.34,         0.00,       290.80,         0.00,         4.94,        25.63,       260.17,
    1.35,         0.00,       289.40,         0.00,         5.10,        25.05,       259.20,
    1.36,         0.00,       288.02,         0.00,         5.26,        24.47,       258.23,
    1.37,         0.00,       286.65,         0.00,         5.42,        23.90,       257.27,
    1.38,         0.00,       285.30,         0.00,         5.59,        23.34,       256.32,
    1.39,         0.00,       283.97,         0.00,         5.75,        22.78,       255.38,
    1.40,         0.00,       282.65,         0.00,         5.92,        22.23,       254.44,
    1.41,         0.00,       281.35,         0.00,         6.10,        21.69,       253.51,
    1.42,         0.00,       280.06,         0.00,         6.27,        21.15,       252.59,
    1.43,         0.00,       278.78,         0.00,         6.45,        20.61,       251.67,
    1.44,         0.00,       277.52,         0.00,         6.62,        20.09,       250.76,
    1.45,         0.00,       276.27,         0.00,         6.80,        19.56,       249.85,
    1.46,         0.00,       275.04,         0.00,         6.99,        19.05,       248.95,
    1.47,         0.00,       273.82,         0.00,         7.17,        18.54,       248.06,
    1.48,         0.00,       272.61,         0.00,         7.36,        18.03,       247.17,
    1.49,         0.00,       271.42,         0.00,         7.55,        17.53,       246.29,
    1.50,         0.00,       270.23,         0.00,         7.74,        17.03,       245.41,
    1.51,         0.00,       269.07,         0.00,         7.93,        16.54,       244.54,
    1.52,         0.00,       267.91,         0.00,         8.13,        16.05,       243.67,
    1.53,         0.00,       266.76,         0.00,         8.33,        15.57,       242.81,
    1.54,         0.00,       265.63,         0.00,         8.53,        15.10,       241.96,
    1.55,         0.00,       264.51,         0.00,         8.73,        14.62,       241.11,
    1.56,         0.00,       263.40,         0.00,         8.93,        14.16,       240.26,
    1.57,         0.00,       262.30,         0.00,         9.14,        13.69,       239.42,
    1.58,         0.00,       261.21,         0.00,         9.35,        13.23,       238.58,
    1.59,         0.00,       260.14,         0.00,         9.56,        12.78,       237.75,
    1.60,         0.00,       259.07,         0.00,         9.77,        12.33,       236.93,
    1.61,         0.00,       258.02,         0.00,         9.98,        11.88,       236.11,
    1.62,         0.00,       256.97,         0.00,        10.19,        11.44,       235.29,
    1.63,         0.00,       255.94,         0.00,        10.41,        11.00,       234.48,
    1.64,         0.00,       254.91,         0.00,        10.63,        10.56,       233.67,
    1.65,         0.00,       253.90,         0.00,        10.85,        10.13,       232.87,
    1.66,         0.00,       252.89,         0.00,        11.07,         9.71,       232.07,
    1.67,         0.00,       251.90,         0.00,        11.29,         9.28,       231.27,
    1.68,         0.00,       250.91,         0.00,        11.52,         8.86,       230.48,
    1.69,         0.00,       249.94,         0.00,        11.75,         8.45,       229.70,
    1.70,         0.00,       248.97,         0.00,        11.97,         8.03,       228.92,
    1.71,         0.00,       248.01,         0.00,        12.20,         7.62,       228.14,
    1.72,         0.00,       247.06,         0.00,        12.43,         7.22,       227.36,
    1.73,         0.00,       246.12,         0.00,        12.67,         6.81,       226.59,
    1.74,         0.00,       245.19,         0.00,        12.90,         6.42,       225.83,
    1.75,         0.00,       244.27,         0.00,        13.14,         6.02,       225.07,
    1.76,         0.00,       243.36,         0.00,        13.37,         5.63,       224.31,
    1.77,         0.00,       242.45,         0.00,        13.61,         5.24,       223.55,
    1.78,         0.00,       241.55,         0.00,        13.85,         4.85,       222.80,
    1.79,         0.00,       240.66,         0.00,        14.09,         4.47,       222.06,
    1.80,         0.00,       239.78,         0.00,        14.33,         4.09,       221.31,
    1.81,         0.00,       238.91,         0.00,        14.58,         3.71,       220.57,
    1.82,         0.00,       238.04,         0.00,        14.82,         3.33,       219.84,
    1.83,         0.00,       237.18,         0.00,        15.07,         2.96,       219.10,
    1.84,         0.00,       236.33,         0.00,        15.31,         2.59,       218.37,
    1.85,         0.00,       235.48,         0.00,        15.56,         2.23,       217.65,
    1.86,         0.00,       234.65,         0.00,        15.81,         1.86,       216.93,
    1.87,         0.00,       233.82,         0.00,        16.06,         1.50,       216.21,
    1.88,         0.00,       233.00,         0.00,        16.31,         1.14,       215.49,
    1.89,         0.00,       232.18,         0.00,        16.57,         0.79,       214.78,
    1.90,         0.00,       231.37,         0.00,        16.82,         0.43,       214.07,
    1.91,         0.00,       230.57,         0.00,        17.07,         0.08,       213.37,
    1.92,         0.00,       229.78,         0.00,        17.33,        -0.26,       212.67,
    1.93,         0.00,       228.99,         0.00,        17.59,        -0.61,       211.97,
    1.94,         0.00,       228.21,         0.00,        17.84,        -0.95,       211.27,
    1.95,         0.00,       227.43,         0.00,        18.10,        -1.29,       210.58,
    1.96,         0.00,       226.66,         0.00,        18.36,        -1.63,       209.89,
    1.97,         0.00,       225.90,         0.00,        18.62,        -1.97,       209.20,
    1.98,         0.00,       225.15,         0.00,        18.88,        -2.30,       208.52,
    1.99,         0.00,       224.40,         0.00,        19.14,        -2.63,       207.84,
    2.00,         0.00,       223.65,         0.00,        19.41,        -2.96,       207.16,
    2.01,         0.00,       222.91,         0.00,        19.67,        -3.29,       206.49,
    2.02,         0.00,       222.18,         0.00,        19.93,        -3.61,       205.82,
    2.03,         0.00,       221.46,         0.00,        20.20,        -3.94,       205.15,
    2.04,         0.00,       220.74,         0.00,        20.46,        -4.26,       204.48,
    2.05,         0.00,       220.02,         0.00,        20.73,        -4.57,       203.82,
    2.06,         0.00,       219.31,         0.00,        21.00,        -4.89,       203.16,
    2.07,         0.00,       218.61,         0.00,        21.26,        -5.21,       202.51,
    2.08,         0.00,       217.91,         0.00,        21.53,        -5.52,       201.85,
    2.09,         0.00,       217.22,         0.00,        21.80,        -5.83,       201.20,
    2.10,         0.00,       216.53,         0.00,        22.07,        -6.14,       200.55,
    2.11,         0.00,       215.85,         0.00,        22.34,        -6.44,       199.91,
    2.12,         0.00,       215.17,         0.00,        22.61,        -6.75,       199.27,
    2.13,         0.00,       214.50,         0.00,        22.88,        -7.05,       198.63,
    2.14,         0.00,       213.84,         0.00,        23.15,        -7.35,       197.99,
    2.15,         0.00,       213.17,         0.00,        23.42,        -7.65,       197.36,
    2.16,         0.00,       212.52,         0.00,        23.70,        -7.94,       196.72,
    2.17,         0.00,       211.87,         0.00,        23.97,        -8.24,       196.09,
    2.18,         0.00,       211.22,         0.00,        24.24,        -8.53,       195.47,
    2.19,         0.00,       210.58,         0.00,        24.52,        -8.83,       194.85,
    2.20,         0.00,       209.94,         0.00,        24.79,        -9.11,       194.22,
    2.21,         0.00,       209.31,         0.00,        25.06,        -9.40,       193.61,
    2.22,         0.00,       208.68,         0.00,        25.34,        -9.69,       192.99,
    2.23,         0.00,       208.06,         0.00,        25.61,        -9.98,       192.38,
    2.24,         0.00,       207.44,         0.00,        25.89,       -10.26,       191.77,
    2.25,         0.00,       206.83,         0.00,        26.17,       -10.54,       191.16,
    2.26,         0.00,       206.22,         0.00,        26.44,       -10.82,       190.55,
    2.27,         0.00,       205.61,         0.00,        26.72,       -11.10,       189.95,
    2.28,         0.00,       205.01,         0.00,        26.99,       -11.37,       189.35,
    2.29,         0.00,       204.42,         0.00,        27.27,       -11.65,       188.75,
    2.30,         0.00,       203.83,         0.00,        27.55,       -11.92,       188.16,
    2.31,         0.00,       203.24,         0.00,        27.83,       -12.20,       187.56,
    2.32,         0.00,       202.65,         0.00,        28.10,       -12.47,       186.97,
    2.33,         0.00,       202.07,         0.00,        28.38,       -12.74,       186.39,
    2.34,         0.00,       201.50,         0.00,        28.66,       -13.00,       185.80,
    2.35,         0.00,       200.93,         0.00,        28.94,       -13.27,       185.22,
    2.36,         0.00,       200.36,         0.00,        29.22,       -13.53,       184.64,
    2.37,         0.00,       199.80,         0.00,        29.49,       -13.80,       184.06,
    2.38,         0.00,       199.24,         0.00,        29.77,       -14.06,       183.48,
    2.39,         0.00,       198.68,         0.00,        30.05,       -14.32,       182.91,
    2.40,         0.00,       198.13,         0.00,        30.33,       -14.58,       182.34,
    2.41,         0.00,       197.58,         0.00,        30.61,       -14.84,       181.77,
    2.42,         0.00,       197.04,         0.00,        30.89,       -15.09,       181.20,
    2.43,         0.00,       196.50,         0.00,        31.17,       -15.35,       180.64,
    2.44,         0.00,       195.96,         0.00,        31.45,       -15.60,       180.08,
    2.45,         0.00,       195.43,         0.00,        31.72,       -15.86,       179.52,
    2.46,         0.00,       194.90,         0.00,        32.00,       -16.11,       178.96,
    2.47,         0.00,       194.37,         0.00,        32.28,       -16.36,       178.40,
    2.48,         0.00,       193.85,         0.00,        32.56,       -16.61,       177.85,
    2.49,         0.00,       193.33,         0.00,        32.84,       -16.86,       177.30,
    2.50,         0.00,       192.81,         0.00,        33.12,       -17.10,       176.75,
    2.51,         0.00,       192.30,         0.00,        33.40,       -17.35,       176.21,
    2.52,         0.00,       191.79,         0.00,        33.68,       -17.59,       175.66,
    2.53,         0.00,       191.28,         0.00,        33.96,       -17.83,       175.12,
    2.54,         0.00,       190.78,         0.00,        34.24,       -18.08,       174.58,
    2.55,         0.00,       190.28,         0.00,        34.52,       -18.32,       174.04,
    2.56,         0.00,       189.79,         0.00,        34.79,       -18.56,       173.51,
    2.57,         0.00,       189.29,         0.00,        35.07,       -18.80,       172.98,
    2.58,         0.00,       188.80,         0.00,        35.35,       -19.03,       172.45,
    2.59,         0.00,       188.32,         0.00,        35.63,       -19.27,       171.92,
    2.60,         0.00,       187.83,         0.00,        35.91,       -19.50,       171.39,
    2.61,         0.00,       187.35,         0.00,        36.19,       -19.74,       170.87,
    2.62,         0.00,       186.88,         0.00,        36.47,       -19.97,       170.34,
    2.63,         0.00,       186.40,         0.00,        36.74,       -20.20,       169.82,
    2.64,         0.00,       185.93,         0.00,        37.02,       -20.44,       169.31,
    2.65,         0.00,       185.46,         0.00,        37.30,       -20.66,       168.79,
    2.66,         0.00,       185.00,         0.00,        37.58,       -20.89,       168.28,
    2.67,         0.00,       184.54,         0.00,        37.85,       -21.12,       167.77,
    2.68,         0.00,       184.08,         0.00,        38.13,       -21.35,       167.26,
    2.69,         0.00,       183.62,         0.00,        38.41,       -21.57,       166.75,
    2.70,         0.00,       183.17,         0.00,        38.68,       -21.80,       166.24,
    2.71,         0.00,       182.72,         0.00,        38.96,       -22.02,       165.74,
    2.72,         0.00,       182.27,         0.00,        39.24,       -22.25,       165.24,
    2.73,         0.00,       181.82,         0.00,        39.51,       -22.47,       164.74,
    2.74,         0.00,       181.38,         0.00,        39.79,       -22.69,       164.24,
    2.75,         0.00,       180.94,         0.00,        40.06,       -22.91,       163.75,
    2.76,         0.00,       180.50,         0.00,        40.34,       -23.13,       163.25,
    2.77,         0.00,       180.07,         0.00,        40.62,       -23.35,       162.76,
    2.78,         0.00,       179.63,         0.00,        40.89,       -23.57,       162.27,
    2.79,         0.00,       179.21,         0.00,        41.16,       -23.78,       161.78,
    2.80,         0.00,       178.78,         0.00,        41.44,       -24.00,       161.30,
    2.81,         0.00,       178.35,         0.00,        41.71,       -24.21,       160.81,
    2.82,         0.00,       177.93,         0.00,        41.99,       -24.43,       160.33,
    2.83,         0.00,       177.51,         0.00,        42.26,       -24.64,       159.85,
    2.84,         0.00,       177.10,         0.00,        42.53,       -24.85,       159.38,
    2.85,         0.00,       176.68,         0.00,        42.81,       -25.06,       158.90,
    2.86,         0.00,       176.27,         0.00,        43.08,       -25.27,       158.43,
    2.87,         0.00,       175.86,         0.00,        43.35,       -25.48,       157.95,
    2.88,         0.00,       175.45,         0.00,        43.62,       -25.69,       157.48,
    2.89,         0.00,       175.05,         0.00,        43.90,       -25.90,       157.02,
    2.90,         0.00,       174.65,         0.00,        44.17,       -26.11,       156.55,
    2.91,         0.00,       174.25,         0.00,        44.44,       -26.31,       156.09,
    2.92,         0.00,       173.85,         0.00,        44.71,       -26.52,       155.62,
    2.93,         0.00,       173.45,         0.00,        44.98,       -26.73,       155.16,
    2.94,         0.00,       173.06,         0.00,        45.25,       -26.93,       154.70,
    2.95,         0.00,       172.67,         0.00,        45.52,       -27.13,       154.25,
    2.96,         0.00,       172.28,         0.00,        45.79,       -27.34,       153.79,
    2.97,         0.00,       171.89,         0.00,        46.06,       -27.54,       153.34,
    2.98,         0.00,       171.51,         0.00,        46.33,       -27.74,       152.89,
    2.99,         0.00,       171.13,         0.00,        46.59,       -27.94,       152.44,
    3.00,         0.00,       170.75,         0.00,        46.86,       -28.14,       151.99,
    3.01,         0.00,       170.37,         0.00,        47.13,       -28.34,       151.54,
    3.02,         0.00,       169.99,         0.00,        47.40,       -28.54,       151.10,
    3.03,         0.00,       169.62,         0.00,        47.66,       -28.74,       150.66,
    3.04,         0.00,       169.25,         0.00,        47.93,       -28.93,       150.22,
    3.05,         0.00,       168.88,         0.00,        48.19,       -29.13,       149.78,
    3.06,         0.00,       168.51,         0.00,        48.46,       -29.33,       149.34,
    3.07,         0.00,       168.14,         0.00,        48.73,       -29.52,       148.90,
    3.08,         0.00,       167.78,         0.00,        48.99,       -29.72,       148.47,
    3.09,         0.00,       167.42,         0.00,        49.25,       -29.91,       148.04,
    3.10,         0.00,       167.06,         0.00,        49.52,       -30.10,       147.61,
    3.11,         0.00,       166.70,         0.00,        49.78,       -30.29,       147.18,
    3.12,         0.00,       166.35,         0.00,        50.04,       -30.49,       146.75,
    3.13,         0.00,       165.99,         0.00,        50.31,       -30.68,       146.33,
    3.14,         0.00,       165.64,         0.00,        50.57,       -30.87,       145.90,
    3.15,         0.00,       165.29,         0.00,        50.83,       -31.06,       145.48,
    3.16,         0.00,       164.94,         0.00,        51.09,       -31.25,       145.06,
    3.17,         0.00,       164.60,         0.00,        51.35,       -31.44,       144.64,
    3.18,         0.00,       164.25,         0.00,        51.61,       -31.63,       144.23,
    3.19,         0.00,       163.91,         0.00,        51.87,       -31.81,       143.81,
    3.20,         0.00,       163.57,         0.00,        52.13,       -32.00,       143.40,
    3.21,         0.00,       163.23,         0.00,        52.39,       -32.19,       142.99,
    3.22,         0.00,       162.90,         0.00,        52.65,       -32.37,       142.58,
    3.23,         0.00,       162.56,         0.00,        52.91,       -32.56,       142.17,
    3.24,         0.00,       162.23,         0.00,        53.17,       -32.74,       141.76,
    3.25,         0.00,       161.90,         0.00,        53.43,       -32.93,       141.36,
    3.26,         0.00,       161.57,         0.00,        53.68,       -33.11,       140.96,
    3.27,         0.00,       161.24,         0.00,        53.94,       -33.29,       140.55,
    3.28,         0.00,       160.91,         0.00,        54.20,       -33.48,       140.15,
    3.29,         0.00,       160.59,         0.00,        54.45,       -33.66,       139.76,
    3.30,         0.00,       160.26,         0.00,        54.71,       -33.84,       139.36,
    3.31,         0.00,       159.94,         0.00,        54.96,       -34.02,       138.96,
    3.32,         0.00,       159.62,         0.00,        55.22,       -34.20,       138.57,
    3.33,         0.00,       159.30,         0.00,        55.47,       -34.38,       138.18,
    3.34,         0.00,       158.99,         0.00,        55.72,       -34.56,       137.79,
    3.35,         0.00,       158.67,         0.00,        55.98,       -34.74,       137.40,
    3.36,         0.00,       158.36,         0.00,        56.23,       -34.92,       137.01,
    3.37,         0.00,       158.05,         0.00,        56.48,       -35.09,       136.63,
    3.38,         0.00,       157.74,         0.00,        56.73,       -35.27,       136.24,
    3.39,         0.00,       157.43,         0.00,        56.98,       -35.45,       135.86,
    3.40,         0.00,       157.12,         0.00,        57.23,       -35.62,       135.48,
    3.41,         0.00,       156.82,         0.00,        57.48,       -35.80,       135.10,
    3.42,         0.00,       156.51,         0.00,        57.73,       -35.98,       134.72,
    3.43,         0.00,       156.21,         0.00,        57.98,       -36.15,       134.34,
    3.44,         0.00,       155.91,         0.00,        58.23,       -36.32,       133.97,
    3.45,         0.00,       155.61,         0.00,        58.48,       -36.50,       133.60,
    3.46,         0.00,       155.31,         0.00,        58.73,       -36.67,       133.22,
    3.47,         0.00,       155.02,         0.00,        58.97,       -36.84,       132.85,
    3.48,         0.00,       154.72,         0.00,        59.22,       -37.02,       132.48,
    3.49,         0.00,       154.43,         0.00,        59.47,       -37.19,       132.12,
    3.50,         0.00,       154.14,         0.00,        59.71,       -37.36,       131.75,
    3.51,         0.00,       153.85,         0.00,        59.96,       -37.53,       131.39,
    3.52,         0.00,       153.56,         0.00,        60.20,       -37.70,       131.02,
    3.53,         0.00,       153.27,         0.00,        60.45,       -37.87,       130.66,
    3.54,         0.00,       152.98,         0.00,        60.69,       -38.04,       130.30,
    3.55,         0.00,       152.70,         0.00,        60.93,       -38.21,       129.94,
    3.56,         0.00,       152.41,         0.00,        61.18,       -38.38,       129.58,
    3.57,         0.00,       152.13,         0.00,        61.42,       -38.55,       129.23,
    3.58,         0.00,       151.85,         0.00,        61.66,       -38.72,       128.87,
    3.59,         0.00,       151.57,         0.00,        61.90,       -38.89,       128.52,
    3.60,         0.00,       151.29,         0.00,        62.14,       -39.05,       128.17,
    3.61,         0.00,       151.02,         0.00,        62.38,       -39.22,       127.82,
    3.62,         0.00,       150.74,         0.00,        62.62,       -39.39,       127.47,
    3.63,         0.00,       150.47,         0.00,        62.86,       -39.55,       127.12,
    3.64,         0.00,       150.19,         0.00,        63.10,       -39.72,       126.78,
    3.65,         0.00,       149.92,         0.00,        63.34,       -39.88,       126.43,
    3.66,         0.00,       149.65,         0.00,        63.58,       -40.05,       126.09,
    3.67,         0.00,       149.38,         0.00,        63.82,       -40.21,       125.75,
    3.68,         0.00,       149.12,         0.00,        64.05,       -40.38,       125.41,
    3.69,         0.00,       148.85,         0.00,        64.29,       -40.54,       125.07,
    3.70,         0.00,       148.58,         0.00,        64.53,       -40.71,       124.73,
    3.71,         0.00,       148.32,         0.00,        64.76,       -40.87,       124.39,
    3.72,         0.00,       148.06,         0.00,        65.00,       -41.03,       124.06,
    3.73,         0.00,       147.80,         0.00,        65.23,       -41.19,       123.73,
    3.74,         0.00,       147.54,         0.00,        65.47,       -41.36,       123.39,
    3.75,         0.00,       147.28,         0.00,        65.70,       -41.52,       123.06,
    3.76,         0.00,       147.02,         0.00,        65.93,       -41.68,       122.73,
    3.77,         0.00,       146.76,         0.00,        66.16,       -41.84,       122.41,
    3.78,         0.00,       146.51,         0.00,        66.40,       -42.00,       122.08,
    3.79,         0.00,       146.25,         0.00,        66.63,       -42.16,       121.75,
    3.80,         0.00,       146.00,         0.00,        66.86,       -42.32,       121.43,
    3.81,         0.00,       145.75,         0.00,        67.09,       -42.48,       121.11,
    3.82,         0.00,       145.50,         0.00,        67.32,       -42.64,       120.78,
    3.83,         0.00,       145.25,         0.00,        67.55,       -42.80,       120.46,
    3.84,         0.00,       145.00,         0.00,        67.78,       -42.96,       120.14,
    3.85,         0.00,       144.75,         0.00,        68.01,       -43.12,       119.83,
    3.86,         0.00,       144.50,         0.00,        68.24,       -43.27,       119.51,
    3.87,         0.00,       144.26,         0.00,        68.46,       -43.43,       119.19,
    3.88,         0.00,       144.01,         0.00,        68.69,       -43.59,       118.88,
    3.89,         0.00,       143.77,         0.00,        68.92,       -43.75,       118.57,
    3.90,         0.00,       143.53,         0.00,        69.14,       -43.90,       118.26,
    3.91,         0.00,       143.29,         0.00,        69.37,       -44.06,       117.95,
    3.92,         0.00,       143.05,         0.00,        69.60,       -44.22,       117.64,
    3.93,         0.00,       142.81,         0.00,        69.82,       -44.37,       117.33,
    3.94,         0.00,       142.57,         0.00,        70.04,       -44.53,       117.02,
    3.95,         0.00,       142.34,         0.00,        70.27,       -44.68,       116.72,
    3.96,         0.00,       142.10,         0.00,        70.49,       -44.84,       116.41,
    3.97,         0.00,       141.87,         0.00,        70.71,       -44.99,       116.11,
    3.98,         0.00,       141.63,         0.00,        70.94,       -45.15,       115.81,
    3.99,         0.00,       141.40,         0.00,        71.16,       -45.30,       115.51,
    4.00,         0.00,       141.17,         0.00,        71.38,       -45.45,       115.21,
    4.01,         0.00,       140.94,         0.00,        71.60,       -45.61,       114.91,
    4.02,         0.00,       140.71,         0.00,        71.82,       -45.76,       114.61,
    4.03,         0.00,       140.48,         0.00,        72.04,       -45.91,       114.32,
    4.04,         0.00,       140.25,         0.00,        72.26,       -46.06,       114.02,
    4.05,         0.00,       140.03,         0.00,        72.48,       -46.22,       113.73,
    4.06,         0.00,       139.80,         0.00,        72.70,       -46.37,       113.44,
    4.07,         0.00,       139.58,         0.00,        72.92,       -46.52,       113.15,
    4.08,         0.00,       139.35,         0.00,        73.13,       -46.67,       112.86,
    4.09,         0.00,       139.13,         0.00,        73.35,       -46.82,       112.57,
    4.10,         0.00,       138.91,         0.00,        73.57,       -46.97,       112.28,
    4.11,         0.00,       138.69,         0.00,        73.78,       -47.12,       112.00,
    4.12,         0.00,       138.47,         0.00,        74.00,       -47.27,       111.71,
    4.13,         0.00,       138.25,         0.00,        74.21,       -47.42,       111.43,
    4.14,         0.00,       138.03,         0.00,        74.43,       -47.57,       111.14,
    4.15,         0.00,       137.81,         0.00,        74.64,       -47.72,       110.86,
    4.16,         0.00,       137.60,         0.00,        74.86,       -47.87,       110.58,
    4.17,         0.00,       137.38,         0.00,        75.07,       -48.02,       110.30,
    4.18,         0.00,       137.17,         0.00,        75.28,       -48.17,       110.02,
    4.19,         0.00,       136.96,         0.00,        75.50,       -48.32,       109.75,
    4.20,         0.00,       136.74,         0.00,        75.71,       -48.47,       109.47,
    4.21,         0.00,       136.53,         0.00,        75.92,       -48.62,       109.20,
    4.22,         0.00,       136.32,         0.00,        76.13,       -48.76,       108.92,
    4.23,         0.00,       136.11,         0.00,        76.34,       -48.91,       108.65,
    4.24,         0.00,       135.90,         0.00,        76.55,       -49.06,       108.38,
    4.25,         0.00,       135.69,         0.00,        76.76,       -49.21,       108.11,
    4.26,         0.00,       135.49,         0.00,        76.97,       -49.35,       107.84,
    4.27,         0.00,       135.28,         0.00,        77.18,       -49.50,       107.57,
    4.28,         0.00,       135.07,         0.00,        77.39,       -49.65,       107.30,
    4.29,         0.00,       134.87,         0.00,        77.59,       -49.79,       107.04,
    4.30,         0.00,       134.67,         0.00,        77.80,       -49.94,       106.77,
    4.31,         0.00,       134.46,         0.00,        78.01,       -50.08,       106.51,
    4.32,         0.00,       134.26,         0.00,        78.22,       -50.23,       106.24,
    4.33,         0.00,       134.06,         0.00,        78.42,       -50.37,       105.98,
    4.34,         0.00,       133.86,         0.00,        78.63,       -50.52,       105.72,
    4.35,         0.00,       133.66,         0.00,        78.83,       -50.66,       105.46,
    4.36,         0.00,       133.46,         0.00,        79.04,       -50.81,       105.20,
    4.37,         0.00,       133.26,         0.00,        79.24,       -50.95,       104.94,
    4.38,         0.00,       133.07,         0.00,        79.44,       -51.10,       104.69,
    4.39,         0.00,       132.87,         0.00,        79.65,       -51.24,       104.43,
    4.40,         0.00,       132.67,         0.00,        79.85,       -51.38,       104.18,
    4.41,         0.00,       132.48,         0.00,        80.05,       -51.53,       103.92,
    4.42,         0.00,       132.28,         0.00,        80.25,       -51.67,       103.67,
    4.43,         0.00,       132.09,         0.00,        80.46,       -51.81,       103.42,
    4.44,         0.00,       131.90,         0.00,        80.66,       -51.96,       103.17,
    4.45,         0.00,       131.71,         0.00,        80.86,       -52.10,       102.92,
    4.46,         0.00,       131.52,         0.00,        81.06,       -52.24,       102.67,
    4.47,         0.00,       131.33,         0.00,        81.26,       -52.38,       102.42,
    4.48,         0.00,       131.14,         0.00,        81.46,       -52.53,       102.18,
    4.49,         0.00,       130.95,         0.00,        81.66,       -52.67,       101.93,
    4.50,         0.00,       130.76,         0.00,        81.85,       -52.81,       101.68,
    4.51,         0.00,       130.57,         0.00,        82.05,       -52.95,       101.44,
    4.52,         0.00,       130.38,         0.00,        82.25,       -53.09,       101.20,
    4.53,         0.00,       130.20,         0.00,        82.45,       -53.23,       100.96,
    4.54,         0.00,       130.01,         0.00,        82.64,       -53.37,       100.72,
    4.55,         0.00,       129.83,         0.00,        82.84,       -53.51,       100.48,
    4.56,         0.00,       129.65,         0.00,        83.04,       -53.66,       100.24,
    4.57,         0.00,       129.46,         0.00,        83.23,       -53.79,       100.00,
    4.58,         0.00,       129.28,         0.00,        83.43,       -53.94,        99.76,
    4.59,         0.00,       129.10,         0.00,        83.62,       -54.07,        99.52,
    4.60,         0.00,       128.92,         0.00,        83.81,       -54.22,        99.29,
    4.61,         0.00,       128.74,         0.00,        84.01,       -54.35,        99.06,
    4.62,         0.00,       128.56,         0.00,        84.20,       -54.49,        98.82,
    4.63,         0.00,       128.38,         0.00,        84.39,       -54.63,        98.59,
    4.64,         0.00,       128.20,         0.00,        84.59,       -54.77,        98.36,
    4.65,         0.00,       128.02,         0.00,        84.78,       -54.91,        98.13,
    4.66,         0.00,       127.85,         0.00,        84.97,       -55.05,        97.90,
    4.67,         0.00,       127.67,         0.00,        85.16,       -55.19,        97.67,
    4.68,         0.00,       127.50,         0.00,        85.35,       -55.33,        97.44,
    4.69,         0.00,       127.32,         0.00,        85.54,       -55.46,        97.21,
    4.70,         0.00,       127.15,         0.00,        85.73,       -55.60,        96.99,
    4.71,         0.00,       126.97,         0.00,        85.92,       -55.74,        96.76,
    4.72,         0.00,       126.80,         0.00,        86.11,       -55.88,        96.54,
    4.73,         0.00,       126.63,         0.00,        86.30,       -56.01,        96.32,
    4.74,         0.00,       126.46,         0.00,        86.49,       -56.15,        96.09,
    4.75,         0.00,       126.29,         0.00,        86.68,       -56.29,        95.87,
    4.76,         0.00,       126.12,         0.00,        86.86,       -56.43,        95.65,
    4.77,         0.00,       125.95,         0.00,        87.05,       -56.56,        95.43,
    4.78,         0.00,       125.78,         0.00,        87.24,       -56.70,        95.21,
    4.79,         0.00,       125.61,         0.00,        87.42,       -56.84,        94.99,
    4.80,         0.00,       125.44,         0.00,        87.61,       -56.97,        94.78,
    4.81,         0.00,       125.28,         0.00,        87.79,       -57.11,        94.56,
    4.82,         0.00,       125.11,         0.00,        87.98,       -57.24,        94.35,
    4.83,         0.00,       124.94,         0.00,        88.16,       -57.38,        94.13,
    4.84,         0.00,       124.78,         0.00,        88.35,       -57.52,        93.92,
    4.85,         0.00,       124.61,         0.00,        88.53,       -57.65,        93.70,
    4.86,         0.00,       124.45,         0.00,        88.72,       -57.79,        93.49,
    4.87,         0.00,       124.29,         0.00,        88.90,       -57.92,        93.28,
    4.88,         0.00,       124.12,         0.00,        89.08,       -58.06,        93.07,
    4.89,         0.00,       123.96,         0.00,        89.26,       -58.19,        92.86,
    4.90,         0.00,       123.80,         0.00,        89.45,       -58.33,        92.65,
    4.91,         0.00,       123.64,         0.00,        89.63,       -58.46,        92.44,
    4.92,         0.00,       123.48,         0.00,        89.81,       -58.60,        92.24,
    4.93,         0.00,       123.32,         0.00,        89.99,       -58.73,        92.03,
    4.94,         0.00,       123.16,         0.00,        90.17,       -58.86,        91.83,
    4.95,         0.00,       123.00,         0.00,        90.35,       -59.00,        91.62,
    4.96,         0.00,       122.84,         0.00,        90.53,       -59.13,        91.42,
    4.97,         0.00,       122.69,         0.00,        90.71,       -59.26,        91.21,
    4.98,         0.00,       122.53,         0.00,        90.89,       -59.40,        91.01,
    4.99,         0.00,       122.37,         0.00,        91.07,       -59.53,        90.81,
    5.00,         0.00,       122.22,         0.00,        91.24,       -59.67,        90.61,
    5.01,         0.00,       122.06,         0.00,        91.42,       -59.80,        90.41,
    5.02,         0.00,       121.91,         0.00,        91.60,       -59.93,        90.21,
    5.03,         0.00,       121.75,         0.00,        91.78,       -60.06,        90.01,
    5.04,         0.00,       121.60,         0.00,        91.95,       -60.20,        89.81,
    5.05,         0.00,       121.44,         0.00,        92.13,       -60.33,        89.62,
    5.06,         0.00,       121.29,         0.00,        92.30,       -60.46,        89.42,
    5.07,         0.00,       121.14,         0.00,        92.48,       -60.59,        89.23,
    5.08,         0.00,       120.99,         0.00,        92.66,       -60.73,        89.03,
    5.09,         0.00,       120.84,         0.00,        92.83,       -60.86,        88.84,
    5.10,         0.00,       120.69,         0.00,        93.00,       -60.99,        88.65,
    5.11,         0.00,       120.54,         0.00,        93.18,       -61.12,        88.45,
    5.12,         0.00,       120.39,         0.00,        93.35,       -61.25,        88.26,
    5.13,         0.00,       120.24,         0.00,        93.53,       -61.38,        88.07,
    5.14,         0.00,       120.09,         0.00,        93.70,       -61.52,        87.88,
    5.15,         0.00,       119.94,         0.00,        93.87,       -61.65,        87.69,
    5.16,         0.00,       119.80,         0.00,        94.04,       -61.78,        87.50,
    5.17,         0.00,       119.65,         0.00,        94.22,       -61.91,        87.32,
    5.18,         0.00,       119.50,         0.00,        94.39,       -62.04,        87.13,
    5.19,         0.00,       119.36,         0.00,        94.56,       -62.17,        86.94,
    5.20,         0.00,       119.21,         0.00,        94.73,       -62.30,        86.76,
    5.21,         0.00,       119.07,         0.00,        94.90,       -62.43,        86.57,
    5.22,         0.00,       118.92,         0.00,        95.07,       -62.56,        86.39,
    5.23,         0.00,       118.78,         0.00,        95.24,       -62.69,        86.21,
    5.24,         0.00,       118.64,         0.00,        95.41,       -62.82,        86.02,
    5.25,         0.00,       118.49,         0.00,        95.58,       -62.95,        85.84,
    5.26,         0.00,       118.35,         0.00,        95.75,       -63.08,        85.66,
    5.27,         0.00,       118.21,         0.00,        95.91,       -63.21,        85.48,
    5.28,         0.00,       118.07,         0.00,        96.08,       -63.34,        85.30,
    5.29,         0.00,       117.93,         0.00,        96.25,       -63.47,        85.12,
    5.30,         0.00,       117.79,         0.00,        96.42,       -63.60,        84.94,
    5.31,         0.00,       117.65,         0.00,        96.59,       -63.73,        84.76,
    5.32,         0.00,       117.51,         0.00,        96.75,       -63.86,        84.59,
    5.33,         0.00,       117.37,         0.00,        96.92,       -63.99,        84.41,
    5.34,         0.00,       117.23,         0.00,        97.08,       -64.12,        84.24,
    5.35,         0.00,       117.09,         0.00,        97.25,       -64.24,        84.06,
    5.36,         0.00,       116.95,         0.00,        97.42,       -64.37,        83.89,
    5.37,         0.00,       116.82,         0.00,        97.58,       -64.50,        83.71,
    5.38,         0.00,       116.68,         0.00,        97.74,       -64.63,        83.54,
    5.39,         0.00,       116.55,         0.00,        97.91,       -64.76,        83.37,
    5.40,         0.00,       116.41,         0.00,        98.07,       -64.89,        83.20,
    5.41,         0.00,       116.27,         0.00,        98.24,       -65.01,        83.03,
    5.42,         0.00,       116.14,         0.00,        98.40,       -65.14,        82.86,
    5.43,         0.00,       116.01,         0.00,        98.56,       -65.27,        82.69,
    5.44,         0.00,       115.87,         0.00,        98.73,       -65.40,        82.52,
    5.45,         0.00,       115.74,         0.00,        98.89,       -65.52,        82.35,
    5.46,         0.00,       115.60,         0.00,        99.05,       -65.65,        82.18,
    5.47,         0.00,       115.47,         0.00,        99.21,       -65.78,        82.01,
    5.48,         0.00,       115.34,         0.00,        99.37,       -65.91,        81.85,
    5.49,         0.00,       115.21,         0.00,        99.53,       -66.03,        81.68,
    5.50,         0.00,       115.08,         0.00,        99.70,       -66.16,        81.52,
    5.51,         0.00,       114.95,         0.00,        99.86,       -66.29,        81.35,
    5.52,         0.00,       114.82,         0.00,       100.02,       -66.42,        81.19,
    5.53,         0.00,       114.69,         0.00,       100.18,       -66.54,        81.03,
    5.54,         0.00,       114.56,         0.00,       100.34,       -66.67,        80.86,
    5.55,         0.00,       114.43,         0.00,       100.50,       -66.79,        80.70,
    5.56,         0.00,       114.30,         0.00,       100.65,       -66.92,        80.54,
    5.57,         0.00,       114.17,         0.00,       100.81,       -67.05,        80.38,
    5.58,         0.00,       114.04,         0.00,       100.97,       -67.18,        80.22,
    5.59,         0.00,       113.91,         0.00,       101.13,       -67.30,        80.06,
    5.60,         0.00,       113.79,         0.00,       101.29,       -67.43,        79.90,
    5.61,         0.00,       113.66,         0.00,       101.44,       -67.55,        79.74,
    5.62,         0.00,       113.53,         0.00,       101.60,       -67.68,        79.59,
    5.63,         0.00,       113.41,         0.00,       101.76,       -67.80,        79.43,
    5.64,         0.00,       113.28,         0.00,       101.91,       -67.93,        79.27,
    5.65,         0.00,       113.16,         0.00,       102.07,       -68.05,        79.12,
    5.66,         0.00,       113.03,         0.00,       102.23,       -68.18,        78.96,
    5.67,         0.00,       112.91,         0.00,       102.38,       -68.31,        78.81,
    5.68,         0.00,       112.79,         0.00,       102.54,       -68.43,        78.65,
    5.69,         0.00,       112.66,         0.00,       102.69,       -68.56,        78.50,
    5.70,         0.00,       112.54,         0.00,       102.85,       -68.68,        78.35,
    5.71,         0.00,       112.42,         0.00,       103.00,       -68.81,        78.20,
    5.72,         0.00,       112.29,         0.00,       103.16,       -68.93,        78.05,
    5.73,         0.00,       112.17,         0.00,       103.31,       -69.06,        77.89,
    5.74,         0.00,       112.05,         0.00,       103.46,       -69.18,        77.74,
    5.75,         0.00,       111.93,         0.00,       103.62,       -69.30,        77.59,
    5.76,         0.00,       111.81,         0.00,       103.77,       -69.43,        77.44,
    5.77,         0.00,       111.69,         0.00,       103.92,       -69.55,        77.30,
    5.78,         0.00,       111.57,         0.00,       104.07,       -69.68,        77.15,
    5.79,         0.00,       111.45,         0.00,       104.23,       -69.80,        77.00,
    5.80,         0.00,       111.33,         0.00,       104.38,       -69.93,        76.85,
    5.81,         0.00,       111.21,         0.00,       104.53,       -70.05,        76.71,
    5.82,         0.00,       111.09,         0.00,       104.68,       -70.18,        76.56,
    5.83,         0.00,       110.97,         0.00,       104.83,       -70.30,        76.42,
    5.84,         0.00,       110.86,         0.00,       104.98,       -70.42,        76.27,
    5.85,         0.00,       110.74,         0.00,       105.13,       -70.55,        76.13,
    5.86,         0.00,       110.62,         0.00,       105.28,       -70.67,        75.98,
    5.87,         0.00,       110.51,         0.00,       105.43,       -70.79,        75.84,
    5.88,         0.00,       110.39,         0.00,       105.58,       -70.92,        75.70,
    5.89,         0.00,       110.27,         0.00,       105.73,       -71.04,        75.56,
    5.90,         0.00,       110.16,         0.00,       105.88,       -71.17,        75.42,
    5.91,         0.00,       110.04,         0.00,       106.03,       -71.29,        75.27,
    5.92,         0.00,       109.93,         0.00,       106.18,       -71.41,        75.13,
    5.93,         0.00,       109.81,         0.00,       106.33,       -71.53,        74.99,
    5.94,         0.00,       109.70,         0.00,       106.48,       -71.66,        74.86,
    5.95,         0.00,       109.58,         0.00,       106.62,       -71.78,        74.72,
    5.96,         0.00,       109.47,         0.00,       106.77,       -71.90,        74.58,
    5.97,         0.00,       109.36,         0.00,       106.92,       -72.02,        74.44,
    5.98,         0.00,       109.25,         0.00,       107.07,       -72.15,        74.30,
    5.99,         0.00,       109.13,         0.00,       107.21,       -72.27,        74.17,
    6.00,         0.00,       109.02,         0.00,       107.36,       -72.39,        74.03,
    6.01,         0.00,       108.91,         0.00,       107.50,       -72.51,        73.90,
    6.02,         0.00,       108.80,         0.00,       107.65,       -72.64,        73.76,
    6.03,         0.00,       108.69,         0.00,       107.80,       -72.76,        73.63,
    6.04,         0.00,       108.58,         0.00,       107.94,       -72.88,        73.49,
    6.05,         0.00,       108.47,         0.00,       108.09,       -73.00,        73.36,
    6.06,         0.00,       108.35,         0.00,       108.23,       -73.13,        73.23,
    6.07,         0.00,       108.25,         0.00,       108.38,       -73.25,        73.09,
    6.08,         0.00,       108.14,         0.00,       108.52,       -73.37,        72.96,
    6.09,         0.00,       108.03,         0.00,       108.66,       -73.49,        72.83,
    6.10,         0.00,       107.92,         0.00,       108.81,       -73.61,        72.70,
    6.11,         0.00,       107.81,         0.00,       108.95,       -73.73,        72.57,
    6.12,         0.00,       107.70,         0.00,       109.10,       -73.86,        72.44,
    6.13,         0.00,       107.59,         0.00,       109.24,       -73.98,        72.31,
    6.14,         0.00,       107.49,         0.00,       109.38,       -74.10,        72.18,
    6.15,         0.00,       107.38,         0.00,       109.52,       -74.22,        72.05,
    6.16,         0.00,       107.27,         0.00,       109.67,       -74.34,        71.92,
    6.17,         0.00,       107.17,         0.00,       109.81,       -74.46,        71.79,
    6.18,         0.00,       107.06,         0.00,       109.95,       -74.58,        71.67,
    6.19,         0.00,       106.95,         0.00,       110.09,       -74.70,        71.54,
    6.20,         0.00,       106.85,         0.00,       110.23,       -74.83,        71.42,
    6.21,         0.00,       106.74,         0.00,       110.38,       -74.95,        71.29,
    6.22,         0.00,       106.64,         0.00,       110.52,       -75.07,        71.16,
    6.23,         0.00,       106.53,         0.00,       110.66,       -75.19,        71.04,
    6.24,         0.00,       106.43,         0.00,       110.80,       -75.31,        70.92,
    6.25,         0.00,       106.32,         0.00,       110.94,       -75.43,        70.79,
    6.26,         0.00,       106.22,         0.00,       111.08,       -75.55,        70.67,
    6.27,         0.00,       106.12,         0.00,       111.22,       -75.67,        70.55,
    6.28,         0.00,       106.01,         0.00,       111.36,       -75.79,        70.42,
    6.29,         0.00,       105.91,         0.00,       111.50,       -75.91,        70.30,
    6.30,         0.00,       105.81,         0.00,       111.64,       -76.03,        70.18,
    6.31,         0.00,       105.71,         0.00,       111.77,       -76.15,        70.06,
    6.32,         0.00,       105.60,         0.00,       111.91,       -76.27,        69.94,
    6.33,         0.00,       105.50,         0.00,       112.05,       -76.39,        69.82,
    6.34,         0.00,       105.40,         0.00,       112.19,       -76.51,        69.70,
    6.35,         0.00,       105.30,         0.00,       112.33,       -76.63,        69.58,
    6.36,         0.00,       105.20,         0.00,       112.47,       -76.75,        69.46,
    6.37,         0.00,       105.10,         0.00,       112.60,       -76.87,        69.34,
    6.38,         0.00,       105.00,         0.00,       112.74,       -76.99,        69.22,
    6.39,         0.00,       104.90,         0.00,       112.88,       -77.11,        69.11,
    6.40,         0.00,       104.80,         0.00,       113.01,       -77.23,        68.99,
    6.41,         0.00,       104.70,         0.00,       113.15,       -77.35,        68.87,
    6.42,         0.00,       104.60,         0.00,       113.29,       -77.47,        68.76,
    6.43,         0.00,       104.50,         0.00,       113.42,       -77.59,        68.64,
    6.44,         0.00,       104.40,         0.00,       113.56,       -77.71,        68.53,
    6.45,         0.00,       104.30,         0.00,       113.69,       -77.82,        68.41,
    6.46,         0.00,       104.21,         0.00,       113.83,       -77.95,        68.30,
    6.47,         0.00,       104.11,         0.00,       113.97,       -78.06,        68.18,
    6.48,         0.00,       104.01,         0.00,       114.10,       -78.18,        68.07,
    6.49,         0.00,       103.91,         0.00,       114.24,       -78.30,        67.96,
    6.50,         0.00,       103.82,         0.00,       114.37,       -78.42,        67.84,
    6.51,         0.00,       103.72,         0.00,       114.50,       -78.54,        67.73,
    6.52,         0.00,       103.62,         0.00,       114.64,       -78.66,        67.62,
    6.53,         0.00,       103.53,         0.00,       114.77,       -78.78,        67.51,
    6.54,         0.00,       103.43,         0.00,       114.91,       -78.90,        67.40,
    6.55,         0.00,       103.34,         0.00,       115.04,       -79.01,        67.29,
    6.56,         0.00,       103.24,         0.00,       115.17,       -79.13,        67.18,
    6.57,         0.00,       103.15,         0.00,       115.31,       -79.25,        67.07,
    6.58,         0.00,       103.05,         0.00,       115.44,       -79.37,        66.96,
    6.59,         0.00,       102.96,         0.00,       115.57,       -79.49,        66.85,
    6.60,         0.00,       102.86,         0.00,       115.71,       -79.61,        66.74,
    6.61,         0.00,       102.77,         0.00,       115.84,       -79.72,        66.63,
    6.62,         0.00,       102.67,         0.00,       115.97,       -79.84,        66.52,
    6.63,         0.00,       102.58,         0.00,       116.10,       -79.96,        66.42,
    6.64,         0.00,       102.49,         0.00,       116.23,       -80.08,        66.31,
    6.65,         0.00,       102.39,         0.00,       116.37,       -80.19,        66.20,
    6.66,         0.00,       102.30,         0.00,       116.50,       -80.31,        66.10,
    6.67,         0.00,       102.21,         0.00,       116.63,       -80.43,        65.99,
    6.68,         0.00,       102.12,         0.00,       116.76,       -80.55,        65.89,
    6.69,         0.00,       102.02,         0.00,       116.89,       -80.67,        65.78,
    6.70,         0.00,       101.93,         0.00,       117.02,       -80.79,        65.68,
    6.71,         0.00,       101.84,         0.00,       117.15,       -80.90,        65.57,
    6.72,         0.00,       101.75,         0.00,       117.28,       -81.02,        65.47,
    6.73,         0.00,       101.66,         0.00,       117.41,       -81.14,        65.36,
    6.74,         0.00,       101.57,         0.00,       117.54,       -81.26,        65.26,
    6.75,         0.00,       101.48,         0.00,       117.67,       -81.37,        65.16,
    6.76,         0.00,       101.39,         0.00,       117.80,       -81.49,        65.06,
    6.77,         0.00,       101.30,         0.00,       117.93,       -81.61,        64.95,
    6.78,         0.00,       101.21,         0.00,       118.06,       -81.73,        64.85,
    6.79,         0.00,       101.12,         0.00,       118.19,       -81.84,        64.75,
    6.80,         0.00,       101.03,         0.00,       118.32,       -81.96,        64.65,
    6.81,         0.00,       100.94,         0.00,       118.44,       -82.07,        64.55,
    6.82,         0.00,       100.85,         0.00,       118.57,       -82.19,        64.45,
    6.83,         0.00,       100.76,         0.00,       118.70,       -82.31,        64.35,
    6.84,         0.00,       100.68,         0.00,       118.83,       -82.43,        64.25,
    6.85,         0.00,       100.59,         0.00,       118.96,       -82.54,        64.15,
    6.86,         0.00,       100.50,         0.00,       119.08,       -82.66,        64.05,
    6.87,         0.00,       100.41,         0.00,       119.21,       -82.78,        63.96,
    6.88,         0.00,       100.32,         0.00,       119.34,       -82.89,        63.86,
    6.89,         0.00,       100.24,         0.00,       119.47,       -83.01,        63.76,
    6.90,         0.00,       100.15,         0.00,       119.59,       -83.13,        63.66,
    6.91,         0.00,       100.06,         0.00,       119.72,       -83.24,        63.57,
    6.92,         0.00,        99.98,         0.00,       119.85,       -83.36,        63.47,
    6.93,         0.00,        99.89,         0.00,       119.97,       -83.48,        63.37,
    6.94,         0.00,        99.80,         0.00,       120.10,       -83.59,        63.28,
    6.95,         0.00,        99.72,         0.00,       120.22,       -83.71,        63.18,
    6.96,         0.00,        99.63,         0.00,       120.35,       -83.83,        63.09,
    6.97,         0.00,        99.55,         0.00,       120.48,       -83.94,        62.99,
    6.98,         0.00,        99.46,         0.00,       120.60,       -84.06,        62.90,
    6.99,         0.00,        99.38,         0.00,       120.73,       -84.17,        62.80,
    7.00,         0.00,        99.29,         0.00,       120.85,       -84.29,        62.71,
    7.01,         0.00,        99.21,         0.00,       120.98,       -84.40,        62.62,
    7.02,         0.00,        99.13,         0.00,       121.10,       -84.52,        62.52,
    7.03,         0.00,        99.04,         0.00,       121.23,       -84.64,        62.43,
    7.04,         0.00,        98.96,         0.00,       121.35,       -84.76,        62.34,
    7.05,         0.00,        98.87,         0.00,       121.48,       -84.87,        62.25,
    7.06,         0.00,        98.79,         0.00,       121.60,       -84.99,        62.16,
    7.07,         0.00,        98.71,         0.00,       121.72,       -85.10,        62.06,
    7.08,         0.00,        98.62,         0.00,       121.85,       -85.22,        61.97,
    7.09,         0.00,        98.54,         0.00,       121.97,       -85.33,        61.88,
    7.10,         0.00,        98.46,         0.00,       122.09,       -85.45,        61.79,
    7.11,         0.00,        98.38,         0.00,       122.22,       -85.56,        61.70,
    7.12,         0.00,        98.29,         0.00,       122.34,       -85.68,        61.61,
    7.13,         0.00,        98.21,         0.00,       122.46,       -85.79,        61.52,
    7.14,         0.00,        98.13,         0.00,       122.59,       -85.91,        61.43,
    7.15,         0.00,        98.05,         0.00,       122.71,       -86.02,        61.35,
    7.16,         0.00,        97.97,         0.00,       122.83,       -86.14,        61.26,
    7.17,         0.00,        97.89,         0.00,       122.95,       -86.26,        61.17,
    7.18,         0.00,        97.81,         0.00,       123.08,       -86.37,        61.08,
    7.19,         0.00,        97.73,         0.00,       123.20,       -86.49,        60.99,
    7.20,         0.00,        97.65,         0.00,       123.32,       -86.60,        60.91,
    7.21,         0.00,        97.57,         0.00,       123.44,       -86.72,        60.82,
    7.22,         0.00,        97.49,         0.00,       123.56,       -86.83,        60.73,
    7.23,         0.00,        97.41,         0.00,       123.69,       -86.95,        60.65,
    7.24,         0.00,        97.33,         0.00,       123.81,       -87.06,        60.56,
    7.25,         0.00,        97.25,         0.00,       123.93,       -87.18,        60.48,
    7.26,         0.00,        97.17,         0.00,       124.05,       -87.29,        60.39,
    7.27,         0.00,        97.09,         0.00,       124.17,       -87.41,        60.31,
    7.28,         0.00,        97.01,         0.00,       124.29,       -87.52,        60.22,
    7.29,         0.00,        96.93,         0.00,       124.41,       -87.64,        60.14,
    7.30,         0.00,        96.85,         0.00,       124.53,       -87.75,        60.05,
    7.31,         0.00,        96.78,         0.00,       124.65,       -87.86,        59.97,
    7.32,         0.00,        96.70,         0.00,       124.77,       -87.98,        59.88,
    7.33,         0.00,        96.62,         0.00,       124.89,       -88.09,        59.80,
    7.34,         0.00,        96.54,         0.00,       125.01,       -88.21,        59.72,
    7.35,         0.00,        96.46,         0.00,       125.13,       -88.32,        59.64,
    7.36,         0.00,        96.39,         0.00,       125.25,       -88.44,        59.55,
    7.37,         0.00,        96.31,         0.00,       125.37,       -88.55,        59.47,
    7.38,         0.00,        96.23,         0.00,       125.49,       -88.67,        59.39,
    7.39,         0.00,        96.16,         0.00,       125.61,       -88.78,        59.31,
    7.40,         0.00,        96.08,         0.00,       125.73,       -88.90,        59.23,
    7.41,         0.00,        96.00,         0.00,       125.85,       -89.01,        59.15,
    7.42,         0.00,        95.93,         0.00,       125.97,       -89.13,        59.07,
    7.43,         0.00,        95.85,         0.00,       126.08,       -89.24,        58.99,
    7.44,         0.00,        95.78,         0.00,       126.20,       -89.35,        58.91,
    7.45,         0.00,        95.70,         0.00,       126.32,       -89.47,        58.83,
    7.46,         0.00,        95.63,         0.00,       126.44,       -89.58,        58.75,
    7.47,         0.00,        95.55,         0.00,       126.56,       -89.69,        58.67,
    7.48,         0.00,        95.48,         0.00,       126.67,       -89.81,        58.59,
    7.49,         0.00,        95.40,         0.00,       126.79,       -89.92,        58.51,
    7.50,         0.00,        95.33,         0.00,       126.91,       -90.04,        58.43,
    7.51,         0.00,        95.25,         0.00,       127.03,       -90.15,        58.36,
    7.52,         0.00,        95.18,         0.00,       127.14,       -90.27,        58.28,
    7.53,         0.00,        95.10,         0.00,       127.26,       -90.38,        58.20,
    7.54,         0.00,        95.03,         0.00,       127.38,       -90.49,        58.12,
    7.55,         0.00,        94.96,         0.00,       127.50,       -90.61,        58.05,
    7.56,         0.00,        94.88,         0.00,       127.61,       -90.72,        57.97,
    7.57,         0.00,        94.81,         0.00,       127.73,       -90.83,        57.89,
    7.58,         0.00,        94.74,         0.00,       127.85,       -90.95,        57.82,
    7.59,         0.00,        94.66,         0.00,       127.96,       -91.06,        57.74,
    7.60,         0.00,        94.59,         0.00,       128.08,       -91.18,        57.67,
    7.61,         0.00,        94.52,         0.00,       128.20,       -91.29,        57.59,
    7.62,         0.00,        94.44,         0.00,       128.31,       -91.40,        57.52,
    7.63,         0.00,        94.37,         0.00,       128.43,       -91.51,        57.44,
    7.64,         0.00,        94.30,         0.00,       128.54,       -91.63,        57.37,
    7.65,         0.00,        94.23,         0.00,       128.66,       -91.74,        57.29,
    7.66,         0.00,        94.16,         0.00,       128.77,       -91.86,        57.22,
    7.67,         0.00,        94.09,         0.00,       128.89,       -91.97,        57.14,
    7.68,         0.00,        94.01,         0.00,       129.00,       -92.08,        57.07,
    7.69,         0.00,        93.94,         0.00,       129.12,       -92.19,        57.00,
    7.70,         0.00,        93.87,         0.00,       129.24,       -92.31,        56.93,
    7.71,         0.00,        93.80,         0.00,       129.35,       -92.42,        56.85,
    7.72,         0.00,        93.73,         0.00,       129.46,       -92.54,        56.78,
    7.73,         0.00,        93.66,         0.00,       129.58,       -92.65,        56.71,
    7.74,         0.00,        93.59,         0.00,       129.69,       -92.76,        56.64,
    7.75,         0.00,        93.52,         0.00,       129.81,       -92.87,        56.56,
    7.76,         0.00,        93.45,         0.00,       129.92,       -92.99,        56.49,
    7.77,         0.00,        93.38,         0.00,       130.04,       -93.10,        56.42,
    7.78,         0.00,        93.31,         0.00,       130.15,       -93.21,        56.35,
    7.79,         0.00,        93.24,         0.00,       130.27,       -93.33,        56.28,
    7.80,         0.00,        93.17,         0.00,       130.38,       -93.44,        56.21,
    7.81,         0.00,        93.10,         0.00,       130.49,       -93.55,        56.14,
    7.82,         0.00,        93.03,         0.00,       130.61,       -93.67,        56.07,
    7.83,         0.00,        92.96,         0.00,       130.72,       -93.78,        56.00,
    7.84,         0.00,        92.89,         0.00,       130.83,       -93.89,        55.93,
    7.85,         0.00,        92.83,         0.00,       130.95,       -94.00,        55.86,
    7.86,         0.00,        92.76,         0.00,       131.06,       -94.12,        55.79,
    7.87,         0.00,        92.69,         0.00,       131.17,       -94.23,        55.72,
    7.88,         0.00,        92.62,         0.00,       131.29,       -94.34,        55.66,
    7.89,         0.00,        92.55,         0.00,       131.40,       -94.45,        55.59,
    7.90,         0.00,        92.48,         0.00,       131.51,       -94.57,        55.52,
    7.91,         0.00,        92.42,         0.00,       131.62,       -94.68,        55.45,
    7.92,         0.00,        92.35,         0.00,       131.74,       -94.79,        55.38,
    7.93,         0.00,        92.28,         0.00,       131.85,       -94.90,        55.32,
    7.94,         0.00,        92.22,         0.00,       131.96,       -95.02,        55.25,
    7.95,         0.00,        92.15,         0.00,       132.07,       -95.13,        55.18,
    7.96,         0.00,        92.08,         0.00,       132.19,       -95.24,        55.12,
    7.97,         0.00,        92.01,         0.00,       132.30,       -95.35,        55.05,
    7.98,         0.00,        91.95,         0.00,       132.41,       -95.47,        54.98,
    7.99,         0.00,        91.88,         0.00,       132.52,       -95.58,        54.92,
    8.00,         0.00,        91.82,         0.00,       132.63,       -95.69,        54.85,
    8.01,         0.00,        91.75,         0.00,       132.75,       -95.80,        54.79,
    8.02,         0.00,        91.68,         0.00,       132.86,       -95.92,        54.72,
    8.03,         0.00,        91.62,         0.00,       132.97,       -96.03,        54.66,
    8.04,         0.00,        91.55,         0.00,       133.08,       -96.14,        54.59,
    8.05,         0.00,        91.49,         0.00,       133.19,       -96.25,        54.53,
    8.06,         0.00,        91.42,         0.00,       133.30,       -96.37,        54.46,
    8.07,         0.00,        91.36,         0.00,       133.41,       -96.48,        54.40,
    8.08,         0.00,        91.29,         0.00,       133.52,       -96.59,        54.34,
    8.09,         0.00,        91.23,         0.00,       133.63,       -96.70,        54.27,
    8.10,         0.00,        91.16,         0.00,       133.75,       -96.81,        54.21,
    8.11,         0.00,        91.10,         0.00,       133.86,       -96.92,        54.15,
    8.12,         0.00,        91.03,         0.00,       133.97,       -97.04,        54.08,
    8.13,         0.00,        90.97,         0.00,       134.08,       -97.15,        54.02,
    8.14,         0.00,        90.90,         0.00,       134.19,       -97.26,        53.96,
    8.15,         0.00,        90.84,         0.00,       134.30,       -97.37,        53.90,
    8.16,         0.00,        90.78,         0.00,       134.41,       -97.49,        53.83,
    8.17,         0.00,        90.71,         0.00,       134.52,       -97.60,        53.77,
    8.18,         0.00,        90.65,         0.00,       134.63,       -97.71,        53.71,
    8.19,         0.00,        90.58,         0.00,       134.74,       -97.82,        53.65,
    8.20,         0.00,        90.52,         0.00,       134.85,       -97.93,        53.59,
    8.21,         0.00,        90.46,         0.00,       134.96,       -98.04,        53.53,
    8.22,         0.00,        90.40,         0.00,       135.07,       -98.16,        53.47,
    8.23,         0.00,        90.33,         0.00,       135.18,       -98.27,        53.41,
    8.24,         0.00,        90.27,         0.00,       135.29,       -98.38,        53.34,
    8.25,         0.00,        90.21,         0.00,       135.39,       -98.49,        53.28,
    8.26,         0.00,        90.14,         0.00,       135.50,       -98.60,        53.22,
    8.27,         0.00,        90.08,         0.00,       135.61,       -98.71,        53.16,
    8.28,         0.00,        90.02,         0.00,       135.72,       -98.83,        53.11,
    8.29,         0.00,        89.96,         0.00,       135.83,       -98.94,        53.05,
    8.30,         0.00,        89.90,         0.00,       135.94,       -99.05,        52.99,
    8.31,         0.00,        89.83,         0.00,       136.05,       -99.16,        52.93,
    8.32,         0.00,        89.77,         0.00,       136.16,       -99.27,        52.87,
    8.33,         0.00,        89.71,         0.00,       136.27,       -99.38,        52.81,
    8.34,         0.00,        89.65,         0.00,       136.37,       -99.50,        52.75,
    8.35,         0.00,        89.59,         0.00,       136.48,       -99.61,        52.69,
    8.36,         0.00,        89.53,         0.00,       136.59,       -99.72,        52.64,
    8.37,         0.00,        89.47,         0.00,       136.70,       -99.83,        52.58,
    8.38,         0.00,        89.41,         0.00,       136.81,       -99.94,        52.52,
    8.39,         0.00,        89.35,         0.00,       136.92,      -100.05,        52.46,
    8.40,         0.00,        89.28,         0.00,       137.02,      -100.16,        52.41,
    8.41,         0.00,        89.22,         0.00,       137.13,      -100.27,        52.35,
    8.42,         0.00,        89.16,         0.00,       137.24,      -100.39,        52.29,
    8.43,         0.00,        89.10,         0.00,       137.35,      -100.50,        52.24,
    8.44,         0.00,        89.04,         0.00,       137.46,      -100.61,        52.18,
    8.45,         0.00,        88.98,         0.00,       137.56,      -100.72,        52.12,
    8.46,         0.00,        88.92,         0.00,       137.67,      -100.83,        52.07,
    8.47,         0.00,        88.86,         0.00,       137.78,      -100.94,        52.01,
    8.48,         0.00,        88.80,         0.00,       137.89,      -101.06,        51.95,
    8.49,         0.00,        88.75,         0.00,       137.99,      -101.16,        51.90,
    8.50,         0.00,        88.69,         0.00,       138.10,      -101.28,        51.84,
    8.51,         0.00,        88.63,         0.00,       138.21,      -101.39,        51.79,
    8.52,         0.00,        88.57,         0.00,       138.31,      -101.50,        51.73,
    8.53,         0.00,        88.51,         0.00,       138.42,      -101.61,        51.68,
    8.54,         0.00,        88.45,         0.00,       138.53,      -101.72,        51.62,
    8.55,         0.00,        88.39,         0.00,       138.63,      -101.83,        51.57,
    8.56,         0.00,        88.31,         0.00,       138.74,      -101.97,        51.52,
    8.57,         0.00,        88.13,         0.00,       138.85,      -102.20,        51.46,
    8.58,         0.00,        87.99,         0.00,       138.95,      -102.39,        51.41,
    8.59,         0.00,        87.88,         0.00,       139.06,      -102.55,        51.35,
    8.60,         0.00,        87.79,         0.00,       139.17,      -102.69,        51.30,
    8.61,         0.00,        87.71,         0.00,       139.27,      -102.83,        51.25,
    8.62,         0.00,        87.64,         0.00,       139.38,      -102.95,        51.19,
    8.63,         0.00,        87.58,         0.00,       139.49,      -103.07,        51.14,
    8.64,         0.00,        87.51,         0.00,       139.59,      -103.19,        51.09,
    8.65,         0.00,        87.45,         0.00,       139.70,      -103.30,        51.04,
    8.66,         0.00,        87.39,         0.00,       139.81,      -103.42,        50.98,
    8.67,         0.00,        87.33,         0.00,       139.91,      -103.53,        50.93,
    8.68,         0.00,        87.27,         0.00,       140.02,      -103.64,        50.88,
    8.69,         0.00,        87.21,         0.00,       140.12,      -103.76,        50.83,
    8.70,         0.00,        87.15,         0.00,       140.23,      -103.87,        50.78,
    8.71,         0.00,        87.10,         0.00,       140.33,      -103.98,        50.72,
    8.72,         0.00,        87.04,         0.00,       140.44,      -104.09,        50.67,
    8.73,         0.00,        86.98,         0.00,       140.55,      -104.20,        50.62,
    8.74,         0.00,        86.93,         0.00,       140.65,      -104.31,        50.57,
    8.75,         0.00,        86.87,         0.00,       140.76,      -104.42,        50.52,
    8.76,         0.00,        86.81,         0.00,       140.86,      -104.54,        50.47,
    8.77,         0.00,        86.76,         0.00,       140.97,      -104.65,        50.42,
    8.78,         0.00,        86.70,         0.00,       141.07,      -104.76,        50.37,
    8.79,         0.00,        86.65,         0.00,       141.18,      -104.87,        50.32,
    8.80,         0.00,        86.59,         0.00,       141.28,      -104.98,        50.27,
    8.81,         0.00,        86.54,         0.00,       141.39,      -105.09,        50.22,
    8.82,         0.00,        86.48,         0.00,       141.49,      -105.20,        50.17,
    8.83,         0.00,        86.43,         0.00,       141.60,      -105.31,        50.12,
    8.84,         0.00,        86.37,         0.00,       141.70,      -105.42,        50.07,
    8.85,         0.00,        86.32,         0.00,       141.81,      -105.53,        50.02,
    8.86,         0.00,        86.26,         0.00,       141.91,      -105.64,        49.97,
    8.87,         0.00,        86.21,         0.00,       142.02,      -105.75,        49.92,
    8.88,         0.00,        86.16,         0.00,       142.12,      -105.86,        49.87,
    8.89,         0.00,        86.10,         0.00,       142.23,      -105.97,        49.83,
    8.90,         0.00,        86.05,         0.00,       142.33,      -106.08,        49.78,
    8.91,         0.00,        86.00,         0.00,       142.44,      -106.19,        49.73,
    8.92,         0.00,        85.94,         0.00,       142.54,      -106.30,        49.68,
    8.93,         0.00,        85.89,         0.00,       142.64,      -106.41,        49.63,
    8.94,         0.00,        85.84,         0.00,       142.75,      -106.51,        49.58,
    8.95,         0.00,        85.78,         0.00,       142.85,      -106.62,        49.54,
    8.96,         0.00,        85.73,         0.00,       142.96,      -106.73,        49.49,
    8.97,         0.00,        85.68,         0.00,       143.06,      -106.84,        49.44,
    8.98,         0.00,        85.63,         0.00,       143.17,      -106.95,        49.40,
    8.99,         0.00,        85.57,         0.00,       143.27,      -107.06,        49.35,
    9.00,         0.00,        85.52,         0.00,       143.37,      -107.17,        49.30,
    9.01,         0.00,        85.47,         0.00,       143.48,      -107.28,        49.25,
    9.02,         0.00,        85.42,         0.00,       143.58,      -107.39,        49.21,
    9.03,         0.00,        85.37,         0.00,       143.68,      -107.50,        49.16,
    9.04,         0.00,        85.31,         0.00,       143.79,      -107.61,        49.12,
    9.05,         0.00,        85.26,         0.00,       143.89,      -107.72,        49.07,
    9.06,         0.00,        85.21,         0.00,       144.00,      -107.83,        49.02,
    9.07,         0.00,        85.16,         0.00,       144.10,      -107.94,        48.98,
    9.08,         0.00,        85.11,         0.00,       144.20,      -108.04,        48.93,
    9.09,         0.00,        85.06,         0.00,       144.31,      -108.15,        48.89,
    9.10,         0.00,        85.01,         0.00,       144.41,      -108.26,        48.84,
    9.11,         0.00,        84.96,         0.00,       144.51,      -108.37,        48.80,
    9.12,         0.00,        84.91,         0.00,       144.62,      -108.48,        48.75,
    9.13,         0.00,        84.85,         0.00,       144.72,      -108.59,        48.71,
    9.14,         0.00,        84.80,         0.00,       144.82,      -108.70,        48.66,
    9.15,         0.00,        84.75,         0.00,       144.93,      -108.81,        48.62,
    9.16,         0.00,        84.70,         0.00,       145.03,      -108.92,        48.57,
    9.17,         0.00,        84.65,         0.00,       145.13,      -109.03,        48.53,
    9.18,         0.00,        84.60,         0.00,       145.24,      -109.13,        48.48,
    9.19,         0.00,        84.55,         0.00,       145.34,      -109.24,        48.44,
    9.20,         0.00,        84.50,         0.00,       145.44,      -109.35,        48.40,
    9.21,         0.00,        84.45,         0.00,       145.54,      -109.46,        48.35,
    9.22,         0.00,        84.40,         0.00,       145.65,      -109.57,        48.31,
    9.23,         0.00,        84.35,         0.00,       145.75,      -109.68,        48.27,
    9.24,         0.00,        84.30,         0.00,       145.85,      -109.79,        48.22,
    9.25,         0.00,        84.26,         0.00,       145.96,      -109.90,        48.18,
    9.26,         0.00,        84.21,         0.00,       146.06,      -110.01,        48.14,
    9.27,         0.00,        84.16,         0.00,       146.16,      -110.11,        48.09,
    9.28,         0.00,        84.11,         0.00,       146.26,      -110.22,        48.05,
    9.29,         0.00,        84.06,         0.00,       146.37,      -110.33,        48.01,
    9.30,         0.00,        84.01,         0.00,       146.47,      -110.44,        47.96,
    9.31,         0.00,        83.96,         0.00,       146.57,      -110.55,        47.92,
    9.32,         0.00,        83.91,         0.00,       146.67,      -110.66,        47.88,
    9.33,         0.00,        83.86,         0.00,       146.78,      -110.77,        47.84,
    9.34,         0.00,        83.82,         0.00,       146.88,      -110.88,        47.80,
    9.35,         0.00,        83.77,         0.00,       146.98,      -110.99,        47.75,
    9.36,         0.00,        83.72,         0.00,       147.08,      -111.09,        47.71,
    9.37,         0.00,        83.67,         0.00,       147.19,      -111.20,        47.67,
    9.38,         0.00,        83.62,         0.00,       147.29,      -111.31,        47.63,
    9.39,         0.00,        83.57,         0.00,       147.39,      -111.42,        47.59,
    9.40,         0.00,        83.53,         0.00,       147.49,      -111.53,        47.55,
    9.41,         0.00,        83.48,         0.00,       147.59,      -111.64,        47.51,
    9.42,         0.00,        83.43,         0.00,       147.70,      -111.75,        47.47,
    9.43,         0.00,        83.38,         0.00,       147.80,      -111.86,        47.42,
    9.44,         0.00,        83.34,         0.00,       147.90,      -111.96,        47.38,
    9.45,         0.00,        83.29,         0.00,       148.00,      -112.07,        47.34,
    9.46,         0.00,        83.24,         0.00,       148.10,      -112.18,        47.30,
    9.47,         0.00,        83.19,         0.00,       148.21,      -112.29,        47.26,
    9.48,         0.00,        83.15,         0.00,       148.31,      -112.40,        47.22,
    9.49,         0.00,        83.10,         0.00,       148.41,      -112.51,        47.18,
    9.50,         0.00,        83.05,         0.00,       148.51,      -112.62,        47.14,
    9.51,         0.00,        83.01,         0.00,       148.61,      -112.73,        47.10,
    9.52,         0.00,        82.96,         0.00,       148.71,      -112.83,        47.06,
    9.53,         0.00,        82.91,         0.00,       148.82,      -112.94,        47.02,
    9.54,         0.00,        82.87,         0.00,       148.92,      -113.05,        46.98,
    9.55,         0.00,        82.82,         0.00,       149.02,      -113.16,        46.95,
    9.56,         0.00,        82.77,         0.00,       149.12,      -113.27,        46.91,
    9.57,         0.00,        82.73,         0.00,       149.22,      -113.38,        46.87,
    9.58,         0.00,        82.68,         0.00,       149.32,      -113.49,        46.83,
    9.59,         0.00,        82.64,         0.00,       149.42,      -113.60,        46.79,
    9.60,         0.00,        82.59,         0.00,       149.53,      -113.70,        46.75,
    9.61,         0.00,        82.54,         0.00,       149.63,      -113.81,        46.71,
    9.62,         0.00,        82.50,         0.00,       149.73,      -113.92,        46.67,
    9.63,         0.00,        82.45,         0.00,       149.83,      -114.03,        46.64,
    9.64,         0.00,        82.41,         0.00,       149.93,      -114.14,        46.60,
    9.65,         0.00,        82.36,         0.00,       150.03,      -114.25,        46.56,
    9.66,         0.00,        82.31,         0.00,       150.13,      -114.36,        46.52,
    9.67,         0.00,        82.27,         0.00,       150.23,      -114.47,        46.48,
    9.68,         0.00,        82.22,         0.00,       150.34,      -114.58,        46.45,
    9.69,         0.00,        82.18,         0.00,       150.44,      -114.68,        46.41,
    9.70,         0.00,        82.13,         0.00,       150.54,      -114.79,        46.37,
    9.71,         0.00,        82.09,         0.00,       150.64,      -114.90,        46.33,
    9.72,         0.00,        82.04,         0.00,       150.74,      -115.01,        46.30,
    9.73,         0.00,        82.00,         0.00,       150.84,      -115.12,        46.26,
    9.74,         0.00,        81.95,         0.00,       150.94,      -115.23,        46.22,
    9.75,         0.00,        81.91,         0.00,       151.04,      -115.34,        46.19,
    9.76,         0.00,        81.86,         0.00,       151.14,      -115.45,        46.15,
    9.77,         0.00,        81.82,         0.00,       151.25,      -115.55,        46.11,
    9.78,         0.00,        81.78,         0.00,       151.35,      -115.66,        46.08,
    9.79,         0.00,        81.73,         0.00,       151.45,      -115.77,        46.04,
    9.80,         0.00,        81.69,         0.00,       151.55,      -115.88,        46.00,
    9.81,         0.00,        81.64,         0.00,       151.65,      -115.99,        45.97,
    9.82,         0.00,        81.60,         0.00,       151.75,      -116.10,        45.93,
    9.83,         0.00,        81.55,         0.00,       151.85,      -116.21,        45.89,
    9.84,         0.00,        81.51,         0.00,       151.95,      -116.32,        45.86,
    9.85,         0.00,        81.47,         0.00,       152.05,      -116.42,        45.82,
    9.86,         0.00,        81.42,         0.00,       152.15,      -116.53,        45.79,
    9.87,         0.00,        81.38,         0.00,       152.25,      -116.64,        45.75,
    9.88,         0.00,        81.34,         0.00,       152.35,      -116.75,        45.72,
    9.89,         0.00,        81.29,         0.00,       152.45,      -116.86,        45.68,
    9.90,         0.00,        81.25,         0.00,       152.55,      -116.97,        45.65,
    9.91,         0.00,        81.21,         0.00,       152.66,      -117.08,        45.61,
    9.92,         0.00,        81.16,         0.00,       152.76,      -117.19,        45.58,
    9.93,         0.00,        81.12,         0.00,       152.86,      -117.30,        45.54,
    9.94,         0.00,        81.08,         0.00,       152.96,      -117.40,        45.51,
    9.95,         0.00,        81.03,         0.00,       153.06,      -117.51,        45.47,
    9.96,         0.00,        80.99,         0.00,       153.16,      -117.62,        45.44,
    9.97,         0.00,        80.95,         0.00,       153.26,      -117.73,        45.40,
    9.98,         0.00,        80.90,         0.00,       153.36,      -117.84,        45.37,
    9.99,         0.00,        80.86,         0.00,       153.46,      -117.95,        45.33,
   10.00,         0.00,        80.82,         0.00,       153.56,      -118.06,        45.30,
